Input1,Input2,Input3,Input4,Input5,Input6,Input7,Input8,Input9,Input10,Input11,Input12,Original Input3,Original Input12,Average Input
1.473,2.311,-1.1078940962975032,2.666,0.28,0.277,0.223,0.186,0.254,1.138,1.111,0.02296819787985882,3.179,4.712,0.7361728417985297
1.46,2.377,-1.0784447959200134,2.92,0.253,0.306,0.026,0.196,0.303,1.213,1.027,0.6863957597173149,3.214,5.463,0.8074125803164417
1.552,2.164,-1.204656083252112,2.745,0.282,0.21,0.172,0.193,0.21,1.221,1.058,0.5706713780918733,3.064,5.332,0.7644179412366469
1.605,2.228,-1.1331363537639227,2.834,0.292,0.361,0.209,0.129,0.273,1.144,1.062,0.12632508833922262,3.149,4.829,0.7608490612146083
1.534,2.114,-0.9985109806096841,2.976,0.21,0.25,0.226,0.177,0.204,1.254,1.112,0.9257950530035339,3.309,5.734,0.8320236726994873
1.796,2.262,-1.1070526877152889,2.888,0.297,0.148,0.162,0.282,0.204,1.172,1.03,0.15459363957597194,3.18,4.861,0.7740450793217235
1.566,2.323,-0.8638856074554458,2.711,0.242,0.054,0.211,-0.027,0.22,1.158,0.992,0.08303886925795112,3.469,4.78,0.7224294384835422
1.425,2.152,-1.0170219694183922,2.781,0.299,0.208,0.104,0.115,0.27,1.271,1.115,0.8621908127208489,3.287,5.662,0.7987640702752047
1.595,2.271,-0.9867312604586884,2.743,0.173,0.196,0.168,0.059,0.205,1.29,1.033,0.40547703180212036,3.323,5.145,0.762645480945286
1.628,2.211,-1.1104183220441448,2.71,0.084,0.189,0.278,0.168,0.349,1.155,1.008,0.8189045936395773,3.176,5.613,0.7907071892996193
1.583,2.253,-1.024594646658318,2.854,0.149,0.11,0.228,0.073,0.217,1.135,1.112,0.7623674911660787,3.278,5.549,0.7876477370423135
1.454,2.277,-0.9875726690409024,2.866,0.302,0.283,0.212,0.156,0.264,1.14,1.229,0.21466431095406424,3.322,4.929,0.7841743034927635
1.617,2.183,-1.0683478929334456,2.71,0.122,0.256,0.016,0.14,0.286,1.255,1.033,0.6095406360424036,3.226,5.376,0.7632660619257464
1.482,2.344,-1.1062112791330752,2.894,0.234,0.178,0.231,0.205,0.264,0.956,1.086,0.41607773851590135,3.181,5.157,0.765322204948569
1.443,2.26,-1.138184805257207,2.705,0.281,0.096,0.193,0.22,0.234,1.133,1.083,0.8471731448763249,3.143,5.645,0.7797490283015932
1.477,2.349,-1.2601890496782353,2.994,0.247,0.195,0.179,0.093,0.042,1.227,1.075,0.8833922261484108,2.998,5.686,0.7917669313725146
1.527,2.206,-0.9875726690409024,2.892,0.21,0.146,0.095,0.165,0.193,1.222,1.071,0.45406360424028325,3.322,5.2,0.7661242445999482
1.599,2.296,-0.8891278649218654,2.662,0.201,0.194,0.227,0.134,0.088,1.183,1.118,0.5989399293286226,3.439,5.364,0.7843176720338964
1.587,2.308,-0.9522335085879149,2.866,0.262,0.162,0.102,0.225,0.299,1.218,1.158,0.05742049469964705,3.364,4.751,0.774348915509311
1.521,2.366,-1.0877002903243673,2.986,0.217,0.271,0.177,0.131,0.284,1.243,1.006,0.3268551236749122,3.203,5.056,0.7867629027792121
1.562,2.258,-0.9951453462808282,2.654,0.165,0.158,0.181,0.177,0.376,1.117,1.086,0.6687279151943466,3.313,5.443,0.7839652140761265
1.438,2.57,-1.116308182119643,2.77,0.128,0.093,0.16,0.068,0.28,1.345,1.056,0.5839222614840995,3.169,5.347,0.7813011732803713
1.406,2.239,-1.1524887511548447,2.939,0.362,0.199,0.153,0.17,0.188,1.129,1.083,0.584805653710248,3.126,5.348,0.7750264085462836
1.644,2.317,-1.0742377530089435,2.542,0.328,0.178,0.277,0.155,0.231,1.194,1.046,0.25265017667844614,3.219,4.972,0.7575343686391252
1.378,2.375,-1.1937177716833303,2.708,0.404,0.221,0.12,0.189,0.225,1.141,1.069,0.9169611307420507,3.077,5.724,0.7961036132548934
1.537,2.379,-0.9900968947875444,2.772,0.221,0.216,0.303,0.161,0.255,1.13,1.007,0.5167844522968199,3.319,5.271,0.7923072964591062
1.583,2.33,-0.9951453462808282,2.811,0.225,0.166,0.189,0.0,0.222,1.191,1.121,0.45936395759717374,3.313,5.206,0.7751848842763621
1.527,2.103,-1.1524887511548447,2.848,0.214,0.205,0.19,0.104,0.232,1.248,1.007,0.8295053003533575,3.126,5.625,0.7795847124332095
1.819,2.39,-1.125563676523997,2.511,0.272,0.136,0.172,0.093,0.106,1.125,1.03,0.584805653710248,3.158,5.348,0.7594368314321875
1.573,2.368,-1.01449774367175,2.869,0.156,0.252,0.239,0.101,0.249,1.184,0.972,0.5918727915194353,3.29,5.356,0.7950312539873071
1.516,2.358,-1.1482817082437748,2.816,0.151,0.154,0.233,0.149,0.182,1.205,1.053,0.292402826855124,3.131,5.017,0.7467600932176124
1.63,2.267,-1.1289293108528529,2.919,0.303,0.139,0.118,0.204,0.068,1.095,0.973,0.2950530035335692,3.154,5.02,0.7401769743900597
1.497,2.279,-1.1053698705508612,2.947,0.282,0.183,0.236,0.127,0.27,1.195,1.101,0.45848056537102533,3.182,5.205,0.7891758912350136
1.688,2.366,-0.9640132287389106,3.043,0.252,0.168,0.238,0.156,0.366,1.187,1.094,0.5689045936395765,3.35,5.33,0.8469076137417221
1.741,2.273,-1.0632994414401613,3.059,0.158,0.205,0.222,0.165,0.258,1.251,1.016,0.6148409893992932,3.232,5.382,0.824961795663261
1.703,2.247,-0.9497092828412728,3.052,0.276,0.074,0.176,0.122,0.236,1.2,1.079,0.6572438162544172,3.367,5.43,0.822711211117762
2.643,2.142,-0.8689340589487295,3.121,0.227,0.271,0.178,0.071,0.221,1.201,1.102,0.8754416961130742,3.463,5.677,0.9319589697636955
3.151,2.317,-0.9581233686634125,3.575,0.16,0.082,0.266,0.181,0.199,1.107,1.051,0.05300353356890497,3.357,4.746,0.9319900137421243
3.923,2.207,-0.565185560769479,4.642,0.67,0.319,0.496,0.214,0.433,1.167,0.912,0.42756183745583076,3.824,5.17,1.2371146897238627
4.102,2.019,0.24004245240931016,5.681,1.282,0.426,0.852,0.364,0.826,1.251,1.205,0.4575971731448769,4.781,5.204,1.5588033021295153
4.435,2.086,0.18366807740097335,5.864,1.707,0.737,0.791,0.468,1.467,1.467,1.31,0.9434628975265023,4.714,5.754,1.788260914577289
4.103,1.963,0.6573811091874501,5.878,1.842,0.97,0.875,0.535,1.912,1.81,2.312,0.20848056537102444,5.277,4.922,1.9221551395465397
4.457,1.788,0.8349183200346023,5.916,2.103,1.232,1.025,0.566,2.081,3.182,5.317,0.349823321554771,5.488,5.082,2.404311803465781
4.515,1.779,0.9628124245311284,5.953,2.219,1.401,1.147,0.474,2.206,5.111,5.526,0.7871024734982335,5.64,5.577,2.6734095748357802
4.258,1.761,1.078926808876659,5.916,2.175,1.602,1.058,0.598,2.228,5.15,5.244,0.6431095406360425,5.778,5.414,2.6426696957927254
4.493,1.698,1.0536845514102398,5.886,2.383,1.676,1.202,0.408,2.456,5.004,5.393,0.008833922261484162,5.748,4.696,2.638459872805977
4.563,1.627,1.0764025831300177,5.979,2.294,1.848,0.977,0.656,2.311,5.061,5.503,0.951413427561838,5.775,5.763,2.7372346675576544
4.392,1.51,0.6556982920230222,5.972,2.551,1.915,1.184,0.562,2.307,5.0,5.447,0.9567137809187285,5.275,5.769,2.704367672745146
4.409,1.44,0.810517471150396,5.972,2.482,2.002,1.007,0.577,2.382,5.198,5.463,0.6130742049469973,5.459,5.38,2.6962993063414493
4.398,1.539,0.7911650737594744,5.962,2.573,2.04,1.013,0.703,2.462,5.105,5.261,0.34452296819787964,5.436,5.076,2.682640670163113
4.441,1.538,0.753301687559845,5.959,2.616,2.136,1.195,0.631,2.561,5.105,5.538,0.14840989399293303,5.391,4.854,2.7184759651293984
4.419,1.458,1.1024862491786511,5.886,2.572,2.029,1.244,0.656,2.395,5.106,5.403,0.7455830388692588,5.806,5.53,2.751339107337325
4.578,1.421,0.7499360532309886,5.975,2.754,2.129,1.144,0.798,2.468,5.087,5.426,0.40017667844523075,5.387,5.139,2.744176060973018
4.562,1.345,1.1176316036585028,5.948,2.507,2.118,1.162,0.513,2.346,5.125,5.321,0.3153710247349828,5.824,5.043,2.698333552366124
4.427,1.167,0.8988653722828653,5.963,2.603,2.203,1.113,0.7,2.394,5.002,5.424,0.6289752650176679,5.564,5.398,2.7103200531083775
4.57,1.323,0.7608743647997711,5.977,2.527,2.108,0.935,0.644,2.448,5.033,5.566,0.06625441696113121,5.4,4.761,2.6631773984800753
4.443,1.284,0.7608743647997711,5.907,2.524,2.183,1.198,0.59,2.5,5.074,5.492,0.7323321554770317,5.4,5.515,2.7240172100230673
4.421,1.348,1.1353011838849965,5.911,2.483,2.183,1.14,0.779,2.393,5.155,5.548,0.733215547703181,5.845,5.516,2.769126394299015
4.526,1.177,1.0528431428280256,5.896,2.365,2.009,1.266,0.697,2.468,5.144,5.309,0.0,5.747,4.686,2.659153595235669
4.52,1.097,0.9358873499002807,6.011,2.555,2.217,1.21,0.602,2.422,5.088,5.385,0.7181978798586579,5.608,5.499,2.730090435813245
4.348,1.116,0.9745921446821244,5.956,2.478,2.257,1.217,0.641,2.336,5.071,5.616,0.9063604240282688,5.654,5.712,2.743079380725866
4.705,1.207,0.9787991875931943,5.931,2.583,2.231,1.145,0.746,2.505,5.062,5.297,0.9575971731448769,5.659,5.77,2.7790330300615054
4.615,1.224,0.9745921446821244,6.011,2.488,2.2,1.147,0.548,2.532,5.009,5.314,0.7367491166077738,5.654,5.52,2.7332784384408253
4.373,1.079,1.0898651204454415,5.927,2.516,2.123,1.156,0.558,2.469,4.988,5.38,0.9328621908127213,5.791,5.742,2.71597727593818
4.507,1.078,0.7389977416622068,5.906,2.48,2.233,1.118,0.7,2.399,5.063,5.414,0.584805653710248,5.374,5.348,2.6851502829477045
4.443,1.03,1.0747197659655892,5.951,2.489,2.106,1.115,0.51,2.406,5.154,5.482,0.7226148409893991,5.773,5.504,2.706944550579582
4.702,1.111,1.0536845514102398,6.013,2.529,2.109,1.146,0.612,2.471,5.01,5.409,0.9284452296819792,5.748,5.737,2.757844148424351
4.592,1.144,0.8088346539859682,5.876,2.294,2.189,1.169,0.549,2.379,5.046,5.273,0.6722614840989403,5.457,5.447,2.666008011507076
4.67,1.127,0.9358873499002807,5.925,2.362,2.292,1.116,0.515,2.537,5.148,5.438,0.643992932862191,5.608,5.415,2.7258233568968726
4.43,1.075,1.1554949898581324,5.874,2.458,2.037,1.117,0.638,2.283,5.081,5.599,0.7234982332155484,5.869,5.505,2.705916101922807
4.498,1.056,1.0822924432055154,5.89,2.432,2.159,1.199,0.69,2.415,5.083,5.251,0.6475265017667846,5.782,5.419,2.7002349120810254
4.637,1.08,0.9830062305042642,5.931,2.399,2.061,1.104,0.569,2.466,5.267,5.269,0.15636042402826966,5.664,4.863,2.6601972212110447
4.562,1.167,0.8180901483903221,5.985,2.483,2.109,1.201,0.56,2.411,5.067,5.51,0.3197879858657249,5.468,5.048,2.6827398445213375
4.576,1.067,0.9358873499002807,5.906,2.4,2.073,1.152,0.703,2.262,4.939,5.453,0.14399293286219095,5.608,4.849,2.6342400235635393
4.677,1.089,1.1369840010494252,5.937,2.38,2.058,1.144,0.643,2.256,5.146,5.508,0.5459363957597176,5.847,5.304,2.7100766997340955
4.482,1.028,0.7297422472578535,5.924,2.268,2.114,1.108,0.648,2.355,5.126,5.425,0.29593639575971764,5.363,5.021,2.625306553584798
4.55,0.978,0.914010726762717,5.947,2.544,2.068,1.118,0.558,2.354,4.973,5.339,0.760600706713781,5.582,5.547,2.675300952789708
4.446,1.066,0.7978963424171863,5.929,2.361,2.111,1.036,0.681,2.423,5.024,5.288,0.7941696113074208,5.444,5.585,2.6630888294770507
4.612,1.063,1.109217517836363,5.9,2.379,2.141,1.068,0.579,2.288,5.132,5.269,0.7508833922261484,5.814,5.536,2.6909250758385426
4.563,0.918,0.7844338051017625,5.891,2.34,1.954,1.068,0.635,2.41,5.033,5.347,0.11749116607773846,5.428,4.819,2.5884104142649584
4.529,0.983,0.7625571819641989,5.895,2.39,2.097,1.097,0.577,2.375,5.11,5.524,0.5591872791519439,5.402,5.319,2.6582287050930113
4.711,0.963,1.0435876484236715,5.897,2.371,2.068,0.972,0.612,2.422,5.029,5.354,0.9204946996466434,5.736,5.728,2.6969235290058595
4.485,1.002,1.0006758107307578,5.937,2.307,2.065,1.046,0.536,2.33,5.005,5.399,0.20848056537102444,5.685,4.922,2.6100963646751487
4.645,0.884,0.7415219674088488,5.803,2.393,2.108,1.028,0.612,2.393,5.192,5.266,0.16961130742049502,5.377,4.878,2.6029277729024454
4.595,1.084,1.0393806055126016,5.874,2.299,2.05,1.056,0.615,2.363,5.0,5.255,1.0,5.731,5.818,2.6858650504593835
4.504,0.852,0.9670194674421982,5.914,2.334,2.107,1.099,0.53,2.198,4.923,5.359,0.12279151943462985,5.645,4.825,2.575817582239736
4.44,1.047,0.7087070327025035,5.861,2.301,2.144,0.948,0.586,2.336,5.133,5.509,0.2349823321554778,5.338,4.952,2.6040574470714986
4.432,0.938,1.170640344337984,5.868,2.352,2.096,0.973,0.597,2.363,5.131,5.476,0.9363957597173158,5.887,5.746,2.694419675337942
4.54,1.005,0.9922617249086182,5.862,2.231,2.01,1.101,0.691,2.371,5.01,5.276,0.7084805653710253,5.675,5.488,2.649811857523304
4.656,1.029,0.9729093275176967,5.916,2.341,2.08,1.021,0.681,2.311,4.998,5.293,0.8754416961130742,5.652,5.677,2.6811959186358973
4.636,0.926,0.9611296073667006,5.854,2.29,2.072,1.006,0.571,2.324,5.156,5.53,0.49293286219081267,5.638,5.244,2.651588539129793
4.425,0.953,0.9779577790109808,5.859,2.308,2.142,1.068,0.481,2.349,5.162,5.411,0.557420494699647,5.658,5.317,2.6411148561425524
4.49,0.967,0.7810681707729069,5.916,2.288,2.025,1.024,0.526,2.301,5.247,5.417,0.45494699646643166,5.424,5.201,2.619751263936612
4.562,1.003,0.7793853536084784,5.847,2.139,2.036,1.005,0.581,2.361,4.923,5.291,0.7553003533568914,5.422,5.541,2.6068904755804474
4.65,0.996,0.9594467902022727,5.813,2.096,2.155,1.023,0.507,2.275,5.039,5.344,0.07862190812720904,5.636,4.775,2.5780057248607906
4.617,1.016,0.8155659226436801,5.864,2.223,1.991,0.997,0.663,2.394,5.133,5.461,0.7667844522968208,5.465,5.554,2.6617791979117085
4.546,0.964,0.9224248125848568,5.933,2.263,2.039,1.133,0.579,2.288,4.913,5.309,0.828621908127209,5.592,5.624,2.643170560059339
4.362,0.968,1.02423525103275,5.82,2.244,2.015,1.066,0.553,2.308,5.084,5.45,0.7835689045936407,5.713,5.573,2.639817012968866
4.438,0.953,0.7448876017377052,5.852,2.311,2.041,0.992,0.543,2.402,4.988,5.458,0.3807420494699647,5.381,5.117,2.591969137600639
4.501,0.998,0.7642399991286267,5.845,2.113,2.039,0.957,0.671,2.209,4.991,5.521,0.5715547703180217,5.404,5.333,2.598399564120554
4.42,0.916,0.9880546819975483,5.854,2.266,1.996,1.077,0.601,2.406,5.048,5.432,0.6810954063604244,5.67,5.457,2.640429174029831
1.207,2.214,-1.3359158220774947,2.531,0.252,0.217,0.182,0.143,0.156,0.944,0.955,0.6775618374558308,2.908,5.453,0.6785538346148613
1.257,2.251,-1.3426470907352066,2.567,0.179,0.211,0.198,0.045,0.358,0.977,1.096,0.9284452296819792,2.9,5.737,0.7270665115788978
1.139,2.297,-1.3485369508107046,2.546,0.25,0.095,0.226,0.186,0.148,0.96,1.029,0.6740282685512371,2.893,5.449,0.683457609811711
1.232,2.201,-1.213911577656466,2.556,0.287,0.095,0.172,0.173,0.186,0.948,0.923,0.8215547703180217,3.053,5.616,0.6983869327217963
1.25,2.307,-1.2744929955758735,2.361,0.269,0.062,0.018,0.164,0.164,1.064,0.955,0.7005300353356896,2.981,5.479,0.6700030866466514
1.154,2.269,-1.38555892842812,2.437,0.165,-0.106,0.071,0.175,0.203,0.975,0.947,0.22173144876325157,2.849,4.937,0.5938477100279276
1.238,2.314,-1.3502197679751324,2.422,0.261,0.098,-0.016,0.127,0.143,0.985,0.98,0.2340989399293285,2.891,4.951,0.6196565976628498
1.219,2.384,-1.2383124265406718,2.487,0.271,0.278,0.196,0.01,0.273,1.1,0.945,0.5600706713780923,3.024,5.32,0.7070631870697851
1.241,2.393,-1.3073079302822188,2.467,0.156,0.259,0.249,0.165,0.319,1.038,1.057,0.281802120141343,2.942,5.005,0.693207849154927
1.249,2.316,-1.477272463889445,2.357,0.168,0.162,0.15,0.26,0.222,0.972,0.944,0.43816254416961176,2.74,5.182,0.6467408400233473
1.178,2.45,-1.4276293575388197,2.339,0.204,0.083,0.132,0.065,0.14,0.98,0.995,0.8091872791519439,2.799,5.602,0.6622964934677603
1.201,2.474,-1.2399952437050998,2.509,0.189,0.127,0.353,0.218,0.231,1.05,1.01,0.8621908127208489,3.022,5.662,0.7486829640846459
1.287,2.205,-1.3628408967083425,2.545,0.183,0.132,0.239,0.067,0.333,0.963,0.945,0.8754416961130742,2.876,5.677,0.7009667332837277
1.216,2.196,-1.3485369508107046,2.573,0.275,0.136,0.083,0.066,0.237,0.945,0.704,0.19787985865724433,2.893,4.91,0.6066952423205451
1.151,2.411,-1.4410918948542435,2.521,0.173,-0.176,0.192,0.117,0.24,1.077,1.051,0.4284452296819792,2.783,5.171,0.6453627779023113
1.129,2.266,-1.505880355684721,2.61,0.32,0.094,0.085,0.149,0.199,0.98,0.991,0.5035335689045946,2.706,5.256,0.651721101101656
1.216,2.288,-1.367889348201626,2.572,0.266,0.181,0.258,0.311,0.254,0.969,1.085,0.5565371024734986,2.87,5.316,0.7157206461893226
1.184,2.556,-1.3384400478241367,2.506,0.243,0.178,0.212,0.158,0.208,1.027,1.08,0.028268551236749317,2.905,4.718,0.6701523752843844
1.156,2.253,-1.217277211985322,2.611,0.226,0.245,0.138,0.146,0.332,0.89,0.975,0.8144876325088344,3.049,5.608,0.7141008683769593
1.178,2.397,-1.2290569321363176,2.538,0.094,0.297,0.151,0.134,0.203,0.958,0.806,0.7659010600706715,3.035,5.553,0.6910703439945296
1.145,2.333,-1.2787000384869431,2.614,0.188,0.142,0.187,0.096,0.225,0.914,1.005,0.8674911660777394,2.976,5.668,0.7031492606325663
1.293,2.214,-1.322453284762071,2.708,0.14,0.22,0.143,0.171,0.116,1.011,1.072,0.12455830388692579,2.924,4.827,0.6575087515937378
1.229,2.206,-1.4419333034364574,2.417,0.234,0.084,0.101,0.078,0.092,1.01,1.055,0.781802120141343,2.782,5.571,0.6538224013920737
1.178,2.406,-1.191193545936688,2.687,0.253,-0.092,0.178,0.261,0.171,1.222,1.116,0.6501766784452299,3.08,5.422,0.7365819277090452
1.201,2.244,-1.4032285086546141,2.588,0.126,0.034,0.004,0.223,0.294,0.984,0.96,0.8162544169611312,2.828,5.61,0.6725854923588764
1.288,2.246,-1.4074355515656838,2.693,0.242,0.082,0.161,0.142,0.145,0.898,0.909,0.2349823321554778,2.823,4.952,0.6361288983824828
1.289,2.371,-1.4040699172368278,2.773,0.218,-0.087,0.204,0.046,0.223,0.929,1.072,0.37897526501766876,2.827,5.115,0.6677421123150701
1.273,2.264,-1.4427747120186714,2.708,0.107,0.145,0.217,0.172,0.276,0.867,0.957,0.07155477031802171,2.781,4.767,0.6345650048582792
1.245,2.18,-1.3805104769348362,2.844,0.209,0.208,0.339,0.151,0.32,1.013,0.869,0.9045936395759719,2.855,5.71,0.7418402635534281
1.304,2.354,-1.4570786579163095,2.815,0.173,0.154,0.074,-0.01,0.142,0.978,0.864,0.3966431095406362,2.764,5.135,0.6489637043020272
1.266,2.294,-1.3813518855170501,2.786,0.309,0.06,0.225,0.067,0.295,0.98,0.978,0.45936395759717374,2.854,5.206,0.6948343393400102
1.263,2.195,-1.204656083252112,2.957,0.223,0.215,0.099,0.173,0.155,0.96,1.066,0.7376325088339231,3.064,5.521,0.7365813687984843
1.26,2.338,-1.4200566802988939,2.762,0.212,0.11,0.189,0.051,0.321,1.005,0.851,0.09010600706713845,2.808,4.788,0.647420777230687
1.548,2.192,-1.3207704675976426,2.717,0.326,0.16,0.15,0.145,0.215,1.014,0.823,0.7155477031802127,2.926,5.496,0.7237314362985474
2.385,2.198,-1.1583786112303422,3.724,0.721,0.196,0.315,0.244,0.531,0.939,0.97,0.5114840989399294,3.119,5.265,0.9646754573091324
3.059,2.053,-0.7359915029589191,5.443,1.001,0.808,0.505,0.355,0.719,0.938,0.89,0.4187279151943466,3.621,5.16,1.2878113676862857
3.533,1.93,0.3023066874931461,5.397,1.2,1.376,0.648,0.355,0.99,0.908,1.019,0.5724381625441701,4.855,5.334,1.5192287375031095
3.655,1.741,0.5488394020818448,5.406,1.262,1.685,0.731,0.362,1.224,1.132,1.067,0.7659010600706715,5.148,5.553,1.63164503851271
3.846,1.649,0.4049585345232529,5.604,1.299,1.918,0.69,0.488,1.155,1.445,1.472,0.3153710247349828,4.977,5.043,1.69052746327152
3.931,1.638,0.6489670233653103,5.641,1.313,2.229,0.782,0.293,1.29,1.77,1.692,0.4620141342756181,5.267,5.209,1.8074984298034107
3.958,1.611,0.5606191222328409,5.698,1.453,2.034,0.67,0.464,1.37,2.307,1.951,0.05565371024735022,5.162,4.749,1.8443560693733492
4.181,1.429,0.7701298592041244,5.656,1.442,2.198,0.774,0.62,1.45,2.952,1.982,0.349823321554771,5.411,5.082,1.9836627650632412
3.851,1.362,0.9123279095982892,5.881,1.469,2.28,0.831,0.596,1.404,3.74,2.194,0.42049469964664343,5.58,5.162,2.0784018841037444
4.106,1.47,0.9123279095982892,5.66,1.42,2.239,0.787,0.519,1.417,3.942,2.24,0.06360424028268596,5.58,4.758,2.0646610124900815
3.966,1.372,0.8248214170480341,5.612,1.422,2.305,0.795,0.459,1.394,4.365,2.195,0.7500000000000009,5.476,5.535,2.1216517847540026
4.135,1.322,0.5328526390197789,5.59,1.346,2.283,0.72,0.51,1.416,4.736,2.406,0.5795053003533575,5.129,5.342,2.131363161614428
4.02,1.193,0.7877994394306188,5.841,1.461,2.368,0.781,0.516,1.387,5.017,2.512,0.5282685512367493,5.432,5.284,2.2010056658889474
4.144,1.035,0.9299974898247829,5.763,1.46,2.262,0.866,0.478,1.335,4.937,2.59,0.6819787985865728,5.601,5.458,2.206831357367613
4.0,1.077,0.6262489916455324,5.674,1.34,2.321,0.795,0.41,1.404,5.135,2.617,0.6307420494699656,5.24,5.4,2.1691659200929583
4.26,1.172,0.8096760625681825,5.496,1.383,2.253,0.807,0.382,1.479,5.106,2.795,0.6086572438162552,5.458,5.375,2.2126111088653695
4.265,1.145,0.8820372006385852,5.806,1.355,2.28,0.725,0.342,1.382,4.994,2.731,0.6492932862190823,5.544,5.421,2.2130275405714723
4.211,1.066,1.005724262224042,5.576,1.392,2.218,0.886,0.548,1.359,5.184,2.683,0.5901060070671384,5.691,5.354,2.2265691891075985
3.998,1.022,0.5681917994727671,5.742,1.368,2.38,0.706,0.453,1.243,5.015,2.778,0.6978798586572443,5.171,5.476,2.1642559715108343
3.947,1.051,0.6944030868048653,5.826,1.326,2.264,0.806,0.55,1.373,5.123,2.716,0.39575971731448867,5.321,5.134,2.1726802336766133
4.224,1.068,0.8786715663097295,5.73,1.364,2.257,0.721,0.498,1.453,5.215,2.733,0.419611307420495,5.54,5.161,2.2134402394775186
3.976,1.061,0.5269627789442812,5.8,1.39,2.283,0.773,0.436,1.368,5.227,2.777,0.6766784452296823,5.122,5.452,2.1912201020144972
4.191,0.978,0.6851475924005113,5.581,1.256,2.136,0.818,0.428,1.205,5.2,2.726,0.6227915194346298,5.31,5.391,2.1522449259862615
3.962,1.077,0.9030724151939352,5.802,1.384,2.234,0.673,0.409,1.465,5.131,2.842,0.7270318021201421,5.569,5.509,2.2174253514428393
3.995,1.051,0.8012619767460427,5.458,1.273,2.344,0.659,0.468,1.425,4.933,2.999,0.12897526501766787,5.448,4.832,2.1279364368136426
3.96,0.884,0.572398842383837,5.793,1.283,2.135,0.692,0.504,1.207,5.046,2.773,0.3374558303886923,5.176,5.068,2.0989045560643773
4.021,1.074,0.81977296555475,5.677,1.443,2.18,0.701,0.448,1.292,4.972,2.784,0.45318021201413483,5.47,5.199,2.1554127647974073
4.207,1.001,0.6582225177696636,5.837,1.262,2.181,0.779,0.359,1.346,4.966,2.947,0.8250883392226154,5.278,5.62,2.19735923808269
4.136,1.101,0.9358873499002807,5.519,1.3,2.136,0.702,0.653,1.296,5.165,2.784,0.6007067137809186,5.608,5.366,2.1940495053067663
3.888,0.9,0.6447599804542397,5.693,1.283,2.118,0.785,0.563,1.328,5.128,2.838,0.30212014134275655,5.262,5.028,2.122573343483083
4.0,1.084,0.5177072845399272,5.505,1.215,2.072,0.742,0.502,1.309,5.206,2.827,0.58922261484099,5.111,5.353,2.1307441582817432
3.9,0.922,0.5740816595482647,5.461,1.277,2.295,0.734,0.208,1.265,5.049,2.783,0.4734982332155484,5.178,5.222,2.078464991063651
4.087,1.075,0.6582225177696636,5.575,1.281,2.048,0.714,0.431,1.318,5.089,2.853,0.7234982332155484,5.278,5.505,2.154393395915435
3.978,1.052,1.005724262224042,5.625,1.219,2.107,0.753,0.443,1.381,5.021,2.755,0.6236749116607783,5.691,5.392,2.163616597823735
4.103,1.027,0.7019757640447915,5.505,1.244,2.015,0.713,0.37,1.273,5.154,2.915,0.7367491166077738,5.33,5.52,2.146477073387714
4.161,1.049,0.6859890009827255,5.22,1.215,2.031,0.673,0.442,1.204,5.175,2.719,0.3586572438162543,5.311,5.092,2.0778038537332484
3.894,1.003,0.9855304562509062,5.713,1.16,2.052,0.687,0.382,1.266,5.077,2.744,0.2446996466431104,5.667,4.963,2.100685841907834
3.976,0.998,0.8618433946654493,5.582,1.15,2.063,0.64,0.295,1.212,5.054,2.955,0.8339222614840995,5.52,5.63,2.135063804679129
3.94,0.858,0.4613329095315897,5.413,1.075,1.763,0.604,0.428,1.149,5.054,2.813,0.4240282685512371,5.044,5.166,1.9985300981735687
3.787,0.953,0.5875441968636886,5.149,1.13,1.862,0.67,0.466,1.093,4.961,2.738,0.349823321554771,5.194,5.082,1.978863959868205
3.806,0.985,0.3856061371323306,5.435,1.141,1.906,0.685,0.355,1.161,5.026,2.7,0.13869257950530045,4.954,4.843,1.9770248930531356
3.834,0.895,1.0747197659655892,5.315,1.029,2.017,0.601,0.464,1.097,5.16,2.609,0.6766784452296823,5.773,5.452,2.064366517599606
3.796,1.167,0.6649537864273755,5.25,1.09,1.74,0.698,0.414,1.1,5.125,2.593,0.6890459363957602,5.286,5.466,2.027249976901928
3.682,0.881,0.6111036371656807,5.543,1.01,1.967,0.644,0.418,1.119,5.192,2.654,0.8666077738515909,5.222,5.667,2.048975950918106
3.751,1.005,0.6624295606807342,5.476,1.018,1.898,0.702,0.436,1.113,5.024,2.539,0.10335689045936469,5.283,4.803,1.9773155375950087
3.866,0.923,0.923266221167071,5.193,0.952,1.87,0.509,0.38,1.058,5.095,2.457,0.11130742049470044,5.593,4.812,1.9447978034718145
3.771,1.039,0.3881303628789727,5.197,0.862,1.838,0.518,0.392,1.102,5.098,2.643,0.6280918727915203,4.957,5.397,1.956351852972541
3.89,0.918,0.5370596819308495,4.994,1.086,1.748,0.54,0.359,0.985,5.059,2.606,0.5415194346289764,5.134,5.299,1.9386315930466524
3.827,0.841,0.9266318554959274,5.238,0.94,1.764,0.557,0.324,0.942,5.017,2.694,0.7650176678445231,5.597,5.552,1.9863041269450374
3.669,1.029,0.5883856054459029,5.344,0.952,1.705,0.527,0.32,0.93,5.117,2.516,0.5662544169611312,5.195,5.327,1.9386366685339194
3.589,0.901,0.6245661744811046,5.155,0.832,1.663,0.599,0.389,0.935,4.889,2.518,0.4284452296819792,5.238,5.171,1.8769176170135908
3.789,1.082,0.8239800084658199,4.871,0.903,1.542,0.569,0.233,1.08,4.945,2.385,0.5865724381625448,5.475,5.35,1.9007960372190302
3.556,0.878,0.3813990942212608,5.361,0.904,1.633,0.522,0.22,1.036,5.007,2.231,0.648409893992933,4.949,5.42,1.8648174156845159
3.589,0.939,0.4764782640114421,4.874,0.894,1.79,0.555,0.425,1.069,5.039,2.444,0.8666077738515909,5.062,5.667,1.9134238364885858
3.551,0.955,0.9308388984069972,4.773,0.896,1.597,0.454,0.293,0.901,5.131,2.551,0.6740282685512371,5.602,5.449,1.892238930579853
3.469,0.922,0.9501912957979187,4.797,0.801,1.525,0.553,0.182,0.797,5.052,2.368,0.0,5.625,4.686,1.78468260798316
3.7,0.825,0.8509050830966676,4.753,0.732,1.417,0.454,0.349,0.913,5.063,2.406,0.5883392226148416,5.507,5.352,1.8376036921426258
3.531,1.016,0.739839150244421,5.055,0.743,1.464,0.436,0.355,0.797,5.072,2.489,0.8886925795053013,5.375,5.692,1.8822109774791436
1.361,1.914,-1.205497491834326,2.565,0.183,0.106,0.258,0.167,0.085,0.945,0.951,0.8895759717314489,3.063,5.693,0.6849232066580937
1.39,1.924,-1.3460127250640626,2.423,0.218,0.188,0.111,0.079,0.189,0.922,0.991,0.8436395759717321,2.896,5.641,0.6610522375756391
1.404,1.907,-1.2980524358778651,2.278,0.195,0.072,0.262,0.101,0.281,1.023,0.928,0.3144876325088344,2.953,5.042,0.622286266385914
1.473,1.816,-1.0792862045022273,2.388,0.32,0.378,0.07,-0.002,0.195,0.916,1.039,0.7181978798586579,3.213,5.499,0.685992639613036
1.306,1.687,-1.0616166242757337,2.6,0.27,0.188,0.028,0.073,0.37,0.894,1.044,0.1581272084805656,3.234,4.865,0.6297092153504027
1.553,1.808,-1.1718411485457663,2.679,0.17,0.153,0.271,0.145,0.19,0.918,0.928,0.4734982332155484,3.103,5.222,0.6763880903891485
